{
    "karate_club_graph": {
        "GCN_tanh_0.01_128": {
            "map": 0.141328197945845,
            "recall": 0.14592945021145712,
            "f1": 0.13080514256984846
        },
        "GCN_tanh_0.01_128_128": {
            "map": 0.06759380325556796,
            "recall": 0.11846405228758172,
            "f1": 0.06773990972907382
        },
        "GCN_tanh_0.01_256_256": {
            "map": 0.13057889822595706,
            "recall": 0.11528018069973088,
            "f1": 0.09371297926285138
        },
        "GCN_tanh_0.01_256_512_256": {
            "map": 0.1015671420083185,
            "recall": 0.13251874279123416,
            "f1": 0.08409555168837156
        },
        "GCN_tanh_0.1_128": {
            "map": 0.31831232492997197,
            "recall": 0.30105488273740866,
            "f1": 0.2494291209306689
        },
        "GCN_tanh_0.1_128_128": {
            "map": 0.21700513538748833,
            "recall": 0.26402585544021534,
            "f1": 0.22030112541621494
        },
        "GCN_tanh_0.1_256_256": {
            "map": 0.1261437908496732,
            "recall": 0.16333141099577086,
            "f1": 0.12105002840296958
        },
        "GCN_tanh_0.1_256_512_256": {
            "map": 0.16746031746031745,
            "recall": 0.17160947712418304,
            "f1": 0.1380777622992156
        },
        "GCN_relu_0.01_128": {
            "map": 0.13704481792717088,
            "recall": 0.22249855824682815,
            "f1": 0.14213719831366892
        },
        "GCN_relu_0.01_128_128": {
            "map": 0.13215558950853068,
            "recall": 0.149468954248366,
            "f1": 0.12353071764836471
        },
        "GCN_relu_0.01_256_256": {
            "map": 0.10484997029114676,
            "recall": 0.1049980776624375,
            "f1": 0.07440749824650754
        },
        "GCN_relu_0.01_256_512_256": {
            "map": 0.17421442936148815,
            "recall": 0.22887110726643597,
            "f1": 0.15935644574088512
        },
        "GCN_relu_0.1_128": {
            "map": 0.23310308972073676,
            "recall": 0.19807045367166476,
            "f1": 0.17915140415140415
        },
        "GCN_relu_0.1_128_128": {
            "map": 0.1284080298786181,
            "recall": 0.18148788927335638,
            "f1": 0.12672445201856966
        },
        "GCN_relu_0.1_256_256": {
            "map": 0.20046685340802983,
            "recall": 0.17399317570165318,
            "f1": 0.1527835365023491
        },
        "GCN_relu_0.1_256_512_256": {
            "map": 0.3278159748747984,
            "recall": 0.34615292195309494,
            "f1": 0.26969620793150206
        }
    }
}