{
    "karate_club_graph": {
        "GCN_tanh_0.01_128": {
            "map": 0.14345238095238094,
            "recall": 0.14579248366013067,
            "f1": 0.12240390328625622
        },
        "GCN_tanh_0.01_128_128": {
            "map": 0.21845238095238098,
            "recall": 0.2533953287197232,
            "f1": 0.19404784757725935
        },
        "GCN_tanh_0.01_256_256": {
            "map": 0.14746552467140703,
            "recall": 0.12134034986543636,
            "f1": 0.1008734153197821
        },
        "GCN_tanh_0.01_256_512_256": {
            "map": 0.17362758829021804,
            "recall": 0.2025206651287966,
            "f1": 0.16148263501204677
        },
        "GCN_tanh_0.1_128": {
            "map": 0.24473467708761826,
            "recall": 0.23932862360630533,
            "f1": 0.18031031188470634
        },
        "GCN_tanh_0.1_128_128": {
            "map": 0.1466704863763687,
            "recall": 0.21527777777777776,
            "f1": 0.13710722355223634
        },
        "GCN_tanh_0.1_256_256": {
            "map": 0.2126262626262626,
            "recall": 0.22907775855440216,
            "f1": 0.19244342071421178
        },
        "GCN_tanh_0.1_256_512_256": {
            "map": 0.11919967287614346,
            "recall": 0.16135620915032678,
            "f1": 0.10807764899460401
        },
        "GCN_relu_0.01_128": {
            "map": 0.25033369408369405,
            "recall": 0.24843810073048833,
            "f1": 0.2078357658853015
        },
        "GCN_relu_0.01_128_128": {
            "map": 0.15386427298192004,
            "recall": 0.15158112264513646,
            "f1": 0.12560831133495493
        },
        "GCN_relu_0.01_256_256": {
            "map": 0.18331105169340467,
            "recall": 0.21457372164552097,
            "f1": 0.16969378660555132
        },
        "GCN_relu_0.01_256_512_256": {
            "map": 0.11529393808805574,
            "recall": 0.1329248366013072,
            "f1": 0.101103471691707
        },
        "GCN_relu_0.1_128": {
            "map": 0.2550303454715219,
            "recall": 0.2801758938869665,
            "f1": 0.2260318472074072
        },
        "GCN_relu_0.1_128_128": {
            "map": 0.20249888999888999,
            "recall": 0.20614667435601688,
            "f1": 0.1733737245574798
        },
        "GCN_relu_0.1_256_256": {
            "map": 0.16396703786409672,
            "recall": 0.1722630718954248,
            "f1": 0.14782267778762043
        },
        "GCN_relu_0.1_256_512_256": {
            "map": 0.19386087768440713,
            "recall": 0.2186586889657824,
            "f1": 0.1673229548229548
        }
    }
}