{
    "citeseer": {
        "GCN_tanh_0.01_128": {
            "map": 0.00166587570282979,
            "recall": 0.002585189961076486,
            "f1": 0.0014382834752046266
        },
        "GCN_tanh_0.01_128_128": {
            "map": 0.0007303131593911736,
            "recall": 0.0013959003796629778,
            "f1": 0.000730155581219411
        },
        "GCN_tanh_0.01_256_256": {
            "map": 0.00026840509110012656,
            "recall": 0.0010199960598896768,
            "f1": 0.00034268263084985746
        },
        "GCN_tanh_0.01_256_512_256": {
            "map": 0.001033044969215182,
            "recall": 0.0023878721590915595,
            "f1": 0.0011227445604039597
        },
        "GCN_tanh_0.1_128": {
            "map": 0.0012888936647801896,
            "recall": 0.0006807602141682024,
            "f1": 0.00043032857093911673
        },
        "GCN_tanh_0.1_128_128": {
            "map": 0.0017741370134987157,
            "recall": 0.000660354571493495,
            "f1": 0.0007569432655312635
        },
        "GCN_tanh_0.1_256_256": {
            "map": 0.0008943790093472811,
            "recall": 0.0011124631097513867,
            "f1": 0.0005560173999890312
        },
        "GCN_tanh_0.1_256_512_256": {
            "map": 0.0010649411004020933,
            "recall": 0.000873213639171086,
            "f1": 0.000615639478801765
        },
        "GCN_relu_0.01_128": {
            "map": 0.00032929770518423,
            "recall": 0.0007120342226725206,
            "f1": 0.00039658266608621215
        },
        "GCN_relu_0.01_128_128": {
            "map": 0.0005624507486209614,
            "recall": 0.0009386843784006905,
            "f1": 0.00039848993541108683
        },
        "GCN_relu_0.01_256_256": {
            "map": 0.0007792198916520985,
            "recall": 0.001768273754089357,
            "f1": 0.0007454484050228731
        },
        "GCN_relu_0.01_256_512_256": {
            "map": 0.0002915681639085894,
            "recall": 0.0004549036463930081,
            "f1": 0.00026883675819846034
        },
        "GCN_relu_0.1_128": {
            "map": 0.0004360388757551878,
            "recall": 0.0002826645379836869,
            "f1": 0.00029592349185920096
        },
        "GCN_relu_0.1_128_128": {
            "map": 0.0003849144951342371,
            "recall": 0.0011229314420803784,
            "f1": 0.0003106207986860774
        },
        "GCN_relu_0.1_256_256": {
            "map": 0.0,
            "recall": 0.0,
            "f1": 0
        },
        "GCN_relu_0.1_256_512_256": {
            "map": 0.00047281323877068556,
            "recall": 0.00014447071184659838,
            "f1": 0.0002048857368006304
        }
    }
}